{"cameraMode":{"drawMode":0,"name":"Shaded","section":"Shading Mode"},"sceneLighting":true,"audioPlay":false,"sceneViewState":{"showFog":true,"showMaterialUpdate":false,"showSkybox":true,"showFlares":true,"showImageEffects":true,"showParticleSystems":true,"showVisualEffectGraphs":true,"m_FxEnabled":true},"in2DMode":false,"pivot":{"x":10.600000381469727,"y":11.029999732971192,"z":-6.684999942779541},"rotation":{"x":0.18466675281524659,"y":-0.7164433002471924,"z":0.20664404332637788,"w":0.6402437686920166},"size":10.063215255737305,"orthographic":false}