{"cameraMode":{"drawMode":0,"name":"Shaded","section":"Shading Mode"},"sceneLighting":true,"audioPlay":false,"sceneViewState":{"showFog":true,"showMaterialUpdate":false,"showSkybox":false,"showFlares":true,"showImageEffects":true,"showParticleSystems":true,"showVisualEffectGraphs":true,"m_FxEnabled":true},"in2DMode":false,"pivot":{"x":-33.312618255615237,"y":16.388282775878908,"z":-16.139999389648439},"rotation":{"x":0.11576684564352036,"y":-0.2619372606277466,"z":0.031667109578847888,"w":0.9575954675674439},"size":10.063215255737305,"orthographic":false}